<?xml version="1.0" encoding="UTF-8"?>
<project-private xmlns="http://www.netbeans.org/ns/project-private/1">
    <editor-bookmarks xmlns="http://www.netbeans.org/ns/editor-bookmarks/2" lastBookmarkId="0"/>
    <open-files xmlns="http://www.netbeans.org/ns/projectui-open-files/2">
        <group>
            <file>file:/C:/Users/lucasreinert/Documents/NetBeansProjects/condominio-master/src/model/Despesa.java</file>
            <file>file:/C:/Users/lucasreinert/Documents/NetBeansProjects/condominio-master/src/dao/BlocoDao.java</file>
            <file>file:/C:/Users/lucasreinert/Documents/NetBeansProjects/condominio-master/src/view/CadastroBloco.java</file>
            <file>file:/C:/Users/lucasreinert/Documents/NetBeansProjects/condominio-master/src/dao/LancamentosDao.java</file>
            <file>file:/C:/Users/lucasreinert/Documents/NetBeansProjects/condominio-master/src/model/Agua.java</file>
            <file>file:/C:/Users/lucasreinert/Documents/NetBeansProjects/condominio-master/src/view/RealizarRateio.java</file>
            <file>file:/C:/Users/lucasreinert/Documents/NetBeansProjects/condominio-master/src/dao/AguaDao.java</file>
            <file>file:/C:/Users/lucasreinert/Documents/NetBeansProjects/condominio-master/src/dao/EsgotoDao.java</file>
            <file>file:/C:/Users/lucasreinert/Documents/NetBeansProjects/condominio-master/src/view/CadastroApartamento.java</file>
            <file>file:/C:/Users/lucasreinert/Documents/NetBeansProjects/condominio-master/src/dao/EscritorioDao.java</file>
            <file>file:/C:/Users/lucasreinert/Documents/NetBeansProjects/condominio-master/src/view/RealizarPreparacaoRateio.java</file>
            <file>file:/C:/Users/lucasreinert/Documents/NetBeansProjects/condominio-master/src/view/CadastroEscritorio.java</file>
            <file>file:/C:/Users/lucasreinert/Documents/NetBeansProjects/condominio-master/src/model/Escritorio.java</file>
            <file>file:/C:/Users/lucasreinert/Documents/NetBeansProjects/condominio-master/src/dao/ParametroLeituraDao.java</file>
            <file>file:/C:/Users/lucasreinert/Documents/NetBeansProjects/condominio-master/src/dao/GasDao.java</file>
            <file>file:/C:/Users/lucasreinert/Documents/NetBeansProjects/condominio-master/src/dao/DespesaDao.java</file>
            <file>file:/C:/Users/lucasreinert/Documents/NetBeansProjects/condominio-master/src/model/Lancamentos.java</file>
            <file>file:/C:/Users/lucasreinert/Documents/NetBeansProjects/condominio-master/src/dao/ApartamentoDao.java</file>
            <file>file:/C:/Users/lucasreinert/Documents/NetBeansProjects/condominio-master/src/dao/Conectar.java</file>
            <file>file:/C:/Users/lucasreinert/Documents/NetBeansProjects/condominio-master/src/view/Inicio.java</file>
            <file>file:/C:/Users/lucasreinert/Documents/NetBeansProjects/condominio-master/src/dao/RateioDao.java</file>
            <file>file:/C:/Users/lucasreinert/Documents/NetBeansProjects/condominio-master/src/dao/CondominioDao.java</file>
        </group>
    </open-files>
</project-private>
